product_id,product_name,category,brand,unit_price
P001,농심 간식,식품,농심,34000
P002,영실업 퍼즐,완구,영실업,166000
P003,설화수 마스크팩,뷰티,설화수,141000
P004,아디다스 자전거,스포츠,아디다스,275000
P005,H&M 모자,의류,H&M,24000
P006,아디다스 코트,의류,아디다스,133000
P007,삼성 냉장고,전자제품,삼성,1138000
P008,이케아 소파,가구,이케아,1852000
P009,푸마 축구공,스포츠,푸마,82000
P010,아모레 립스틱,뷰티,아모레,66000
P011,애플 스마트폰,전자제품,애플,154000
P012,해즈브로 블록,완구,해즈브로,158000
P013,을유 소설,도서,을유,12000
P014,H&M 운동복,의류,H&M,273000
P015,H&M 속옷,의류,H&M,67000
P016,H&M 스카프,의류,H&M,97000
P017,나이키 코트,의류,나이키,92000
P018,나이키 운동화,스포츠,나이키,70000
P019,동서 커피,식품,동서,2000
P020,나이키 양말,의류,나이키,48000
P021,뉴발란스 테니스라켓,스포츠,뉴발란스,58000
P022,LG 카메라,전자제품,LG,723000
P023,자라 청바지,의류,자라,282000
P024,농심 조미료,식품,농심,45000
P025,동서 간식,식품,동서,18000
P026,북이십일 역사,도서,북이십일,21000
P027,아디다스 원피스,의류,아디다스,117000
P028,뉴발란스 헬멧,스포츠,뉴발란스,313000
P029,아디다스 헬멧,스포츠,아디다스,357000
P030,애플 태블릿,전자제품,애플,496000
P031,아디다스 요가매트,스포츠,아디다스,268000
P032,나이키 양말,의류,나이키,44000
P033,LG 태블릿,전자제품,LG,130000
P034,영실업 퍼즐,완구,영실업,147000
P035,레고 교육완구,완구,레고,26000
P036,을유 과학,도서,을유,31000
P037,H&M 청바지,의류,H&M,276000
P038,필립스 노트북,전자제품,필립스,254000
P039,이니스프리 마스크팩,뷰티,이니스프리,118000
P040,농심 통조림,식품,농심,17000
P041,애플 냉장고,전자제품,애플,949000
P042,롯데 냉동식품,식품,롯데,26000
P043,애플 태블릿,전자제품,애플,716000
P044,퍼시스 침대,가구,퍼시스,110000
P045,아디다스 원피스,의류,아디다스,291000
P046,설화수 세럼,뷰티,설화수,99000
P047,아디다스 운동복,의류,아디다스,15000
P048,푸마 골프채,스포츠,푸마,31000
P049,아디다스 헬멧,스포츠,아디다스,452000
P050,아디다스 모자,의류,아디다스,296000
P051,레고 야외완구,완구,레고,65000
P052,창비 소설,도서,창비,33000
P053,마텔 블록,완구,마텔,17000
P054,한샘 책상,가구,한샘,1326000
P055,뉴발란스 테니스라켓,스포츠,뉴발란스,233000
P056,이케아 식탁,가구,이케아,127000
P057,LG 카메라,전자제품,LG,575000
P058,자라 양말,의류,자라,21000
P059,애플 세탁기,전자제품,애플,799000
P060,자라 청바지,의류,자라,241000
P061,오뚜기 간식,식품,오뚜기,38000
P062,유니클로 스카프,의류,유니클로,53000
P063,문학동네 소설,도서,문학동네,14000
P064,CJ 간식,식품,CJ,18000
P065,H&M 자켓,의류,H&M,39000
P066,뉴발란스 축구공,스포츠,뉴발란스,86000
P067,삼성 노트북,전자제품,삼성,160000
P068,을유 예술,도서,을유,9000
P069,삼성 태블릿,전자제품,삼성,474000
P070,영실업 미니카,완구,영실업,189000
P071,민음사 자기계발,도서,민음사,34000
P072,자라 운동복,의류,자라,243000
P073,삼성 스마트폰,전자제품,삼성,711000
P074,북이십일 예술,도서,북이십일,13000
P075,에뛰드 샴푸,뷰티,에뛰드,62000
P076,아모레 향수,뷰티,아모레,138000
P077,창비 여행,도서,창비,12000
P078,소니 에어컨,전자제품,소니,1296000
P079,CJ 커피,식품,CJ,29000
P080,애플 이어폰,전자제품,애플,695000
P081,한샘 선반,가구,한샘,996000
P082,아모레 세럼,뷰티,아모레,86000
P083,자라 양말,의류,자라,40000
P084,애플 TV,전자제품,애플,375000
P085,아디다스 운동복,의류,아디다스,289000
P086,유니클로 티셔츠,의류,유니클로,34000
P087,아모레 크림,뷰티,아모레,97000
P088,설화수 선크림,뷰티,설화수,84000
P089,까사미아 책상,가구,까사미아,1746000
P090,CJ 냉동식품,식품,CJ,11000
P091,필립스 세탁기,전자제품,필립스,221000
P092,LG생활건강 샴푸,뷰티,LG생활건강,137000
P093,을유 소설,도서,을유,12000
P094,나이키 운동화,스포츠,나이키,284000
P095,창비 여행,도서,창비,13000
P096,오뚜기 과자,식품,오뚜기,6000
P097,뉴발란스 헬멧,스포츠,뉴발란스,353000
P098,동서 냉동식품,식품,동서,12000
P099,삼성 노트북,전자제품,삼성,637000
P100,애플 태블릿,전자제품,애플,562000
P101,소니 에어컨,전자제품,소니,922000
P102,설화수 마스크팩,뷰티,설화수,172000
P103,H&M 원피스,의류,H&M,92000
P104,아디다스 요가매트,스포츠,아디다스,108000
P105,퍼시스 커튼,가구,퍼시스,138000
P106,아디다스 양말,의류,아디다스,118000
P107,오뚜기 조미료,식품,오뚜기,34000
P108,문학동네 만화,도서,문학동네,24000
P109,나이키 속옷,의류,나이키,118000
P110,애플 세탁기,전자제품,애플,247000
P111,자라 속옷,의류,자라,193000
P112,아디다스 자켓,의류,아디다스,29000
P113,퍼시스 소파,가구,퍼시스,527000
P114,창비 과학,도서,창비,13000
P115,아모레 크림,뷰티,아모레,162000
P116,한샘 의자,가구,한샘,647000
P117,민음사 어린이도서,도서,민음사,12000
P118,자라 스카프,의류,자라,132000
P119,퍼시스 의자,가구,퍼시스,1950000
P120,뉴발란스 테니스라켓,스포츠,뉴발란스,34000
P121,북이십일 여행,도서,북이십일,12000
P122,퍼시스 의자,가구,퍼시스,893000
P123,H&M 청바지,의류,H&M,109000
P124,애플 태블릿,전자제품,애플,1365000
P125,아디다스 코트,의류,아디다스,162000
P126,오뚜기 건강식품,식품,오뚜기,41000
P127,민음사 어린이도서,도서,민음사,20000
P128,이케아 조명,가구,이케아,1042000
P129,소니 이어폰,전자제품,소니,1057000
P130,뉴발란스 덤벨,스포츠,뉴발란스,395000
P131,동서 냉동식품,식품,동서,43000
P132,나이키 스카프,의류,나이키,65000
P133,필립스 에어컨,전자제품,필립스,1370000
P134,자라 속옷,의류,자라,271000
P135,영실업 로봇,완구,영실업,99000
P136,유니클로 운동복,의류,유니클로,15000
P137,언더아머 테니스라켓,스포츠,언더아머,418000
P138,설화수 바디로션,뷰티,설화수,60000
P139,농심 건강식품,식품,농심,27000
P140,레고 보드게임,완구,레고,72000
P141,마텔 야외완구,완구,마텔,99000
P142,자라 운동복,의류,자라,224000
P143,오뚜기 라면,식품,오뚜기,28000
P144,나이키 원피스,의류,나이키,196000
P145,나이키 속옷,의류,나이키,194000
P146,필립스 에어컨,전자제품,필립스,1234000
P147,나이키 수영복,스포츠,나이키,173000
P148,뉴발란스 헬멧,스포츠,뉴발란스,488000
P149,삼성 세탁기,전자제품,삼성,898000
P150,유니클로 모자,의류,유니클로,191000
P151,현대리바트 옷장,가구,현대리바트,391000
P152,유니클로 양말,의류,유니클로,63000
P153,삼성 세탁기,전자제품,삼성,484000
P154,오뚜기 냉동식품,식품,오뚜기,20000
P155,영실업 블록,완구,영실업,182000
P156,H&M 양말,의류,H&M,33000
P157,LG생활건강 크림,뷰티,LG생활건강,85000
P158,창비 자기계발,도서,창비,9000
P159,유니클로 티셔츠,의류,유니클로,128000
P160,이니스프리 선크림,뷰티,이니스프리,136000
P161,동서 통조림,식품,동서,40000
P162,이니스프리 클렌저,뷰티,이니스프리,117000
P163,LG생활건강 크림,뷰티,LG생활건강,94000
P164,뉴발란스 헬멧,스포츠,뉴발란스,410000
P165,필립스 에어컨,전자제품,필립스,882000
P166,문학동네 요리책,도서,문학동네,10000
P167,자라 양말,의류,자라,68000
P168,나이키 코트,의류,나이키,81000
P169,애플 스마트폰,전자제품,애플,1056000
P170,아디다스 자전거,스포츠,아디다스,115000
P171,이니스프리 선크림,뷰티,이니스프리,172000
P172,필립스 세탁기,전자제품,필립스,993000
P173,아디다스 등산화,스포츠,아디다스,349000
P174,나이키 속옷,의류,나이키,99000
P175,이니스프리 마스크팩,뷰티,이니스프리,43000
P176,H&M 청바지,의류,H&M,16000
P177,아모레 파운데이션,뷰티,아모레,155000
P178,오뚜기 건강식품,식품,오뚜기,3000
P179,해즈브로 피규어,완구,해즈브로,128000
P180,소니 이어폰,전자제품,소니,310000
P181,H&M 운동복,의류,H&M,270000
P182,삼성 노트북,전자제품,삼성,1126000
P183,현대리바트 책상,가구,현대리바트,1573000
P184,이케아 옷장,가구,이케아,1437000
P185,나이키 스카프,의류,나이키,172000
P186,이니스프리 향수,뷰티,이니스프리,135000
P187,문학동네 자기계발,도서,문학동네,26000
P188,나이키 골프채,스포츠,나이키,59000
P189,아디다스 골프채,스포츠,아디다스,378000
P190,나이키 운동복,의류,나이키,292000
P191,애플 이어폰,전자제품,애플,715000
P192,이케아 침대,가구,이케아,1800000
P193,퍼시스 옷장,가구,퍼시스,1219000
P194,설화수 클렌저,뷰티,설화수,107000
P195,나이키 운동복,의류,나이키,48000
P196,나이키 코트,의류,나이키,167000
P197,LG생활건강 향수,뷰티,LG생활건강,124000
P198,이케아 옷장,가구,이케아,76000
P199,한샘 옷장,가구,한샘,780000
P200,민음사 만화,도서,민음사,28000
P201,LG생활건강 크림,뷰티,LG생활건강,161000
P202,필립스 카메라,전자제품,필립스,179000
P203,유니클로 운동복,의류,유니클로,207000
P204,까사미아 책장,가구,까사미아,1365000
P205,언더아머 축구공,스포츠,언더아머,48000
P206,필립스 에어컨,전자제품,필립스,60000
P207,소니 스마트폰,전자제품,소니,236000
P208,이니스프리 립스틱,뷰티,이니스프리,105000
P209,필립스 에어컨,전자제품,필립스,1362000
P210,아디다스 자켓,의류,아디다스,253000
P211,뉴발란스 자전거,스포츠,뉴발란스,246000
P212,에뛰드 크림,뷰티,에뛰드,197000
P213,이니스프리 세럼,뷰티,이니스프리,161000
P214,아디다스 코트,의류,아디다스,87000
P215,아모레 샴푸,뷰티,아모레,24000
P216,나이키 모자,의류,나이키,75000
P217,자라 양말,의류,자라,56000
P218,아모레 향수,뷰티,아모레,42000
P219,이니스프리 세럼,뷰티,이니스프리,115000
P220,을유 경제경영,도서,을유,13000
P221,LG생활건강 마스크팩,뷰티,LG생활건강,108000
P222,뉴발란스 운동화,스포츠,뉴발란스,464000
P223,삼성 카메라,전자제품,삼성,61000
P224,오뚜기 냉동식품,식품,오뚜기,32000
P225,H&M 티셔츠,의류,H&M,229000
P226,H&M 운동복,의류,H&M,212000
P227,레고 인형,완구,레고,98000
P228,롯데 건강식품,식품,롯데,42000
P229,퍼시스 커튼,가구,퍼시스,96000
P230,LG생활건강 향수,뷰티,LG생활건강,152000
P231,민음사 역사,도서,민음사,29000
P232,아디다스 등산화,스포츠,아디다스,289000
P233,푸마 등산화,스포츠,푸마,156000
P234,오뚜기 냉동식품,식품,오뚜기,24000
P235,H&M 청바지,의류,H&M,237000
P236,에뛰드 향수,뷰티,에뛰드,153000
P237,자라 스카프,의류,자라,117000
P238,삼성 에어컨,전자제품,삼성,1044000
P239,에뛰드 세럼,뷰티,에뛰드,138000
P240,H&M 양말,의류,H&M,197000
P241,마텔 피규어,완구,마텔,24000
P242,레고 퍼즐,완구,레고,102000
P243,한샘 침대,가구,한샘,1234000
P244,동서 건강식품,식품,동서,45000
P245,LG 세탁기,전자제품,LG,788000
P246,이케아 침대,가구,이케아,463000
P247,오뚜기 통조림,식품,오뚜기,14000
P248,영실업 인형,완구,영실업,169000
P249,해즈브로 피규어,완구,해즈브로,55000
P250,현대리바트 소파,가구,현대리바트,526000
P251,H&M 모자,의류,H&M,286000
P252,롯데 간식,식품,롯데,11000
P253,한샘 식탁,가구,한샘,389000
P254,H&M 티셔츠,의류,H&M,191000
P255,자라 양말,의류,자라,172000
P256,아디다스 요가매트,스포츠,아디다스,165000
P257,영실업 야외완구,완구,영실업,185000
P258,아모레 파운데이션,뷰티,아모레,80000
P259,나이키 골프채,스포츠,나이키,363000
P260,소니 카메라,전자제품,소니,110000
P261,푸마 수영복,스포츠,푸마,314000
P262,해즈브로 인형,완구,해즈브로,162000
P263,소니 이어폰,전자제품,소니,1383000
P264,푸마 자전거,스포츠,푸마,385000
P265,이케아 침대,가구,이케아,874000
P266,LG생활건강 바디로션,뷰티,LG생활건강,10000
P267,설화수 파운데이션,뷰티,설화수,61000
P268,아모레 바디로션,뷰티,아모레,106000
P269,롯데 건강식품,식품,롯데,50000
P270,H&M 스카프,의류,H&M,192000
P271,민음사 소설,도서,민음사,31000
P272,창비 경제경영,도서,창비,13000
P273,퍼시스 선반,가구,퍼시스,942000
P274,한샘 조명,가구,한샘,629000
P275,푸마 헬멧,스포츠,푸마,286000
P276,나이키 테니스라켓,스포츠,나이키,342000
P277,창비 만화,도서,창비,10000
P278,아모레 세럼,뷰티,아모레,83000
P279,LG생활건강 바디로션,뷰티,LG생활건강,47000
P280,문학동네 역사,도서,문학동네,18000
P281,까사미아 침대,가구,까사미아,1033000
P282,유니클로 운동복,의류,유니클로,265000
P283,동서 건강식품,식품,동서,19000
P284,필립스 TV,전자제품,필립스,1022000
P285,나이키 헬멧,스포츠,나이키,59000
P286,필립스 태블릿,전자제품,필립스,747000
P287,오뚜기 냉동식품,식품,오뚜기,41000
P288,아디다스 테니스라켓,스포츠,아디다스,366000
P289,H&M 티셔츠,의류,H&M,276000
P290,언더아머 테니스라켓,스포츠,언더아머,111000
P291,삼성 청소기,전자제품,삼성,830000
P292,애플 청소기,전자제품,애플,1243000
P293,을유 예술,도서,을유,35000
P294,동서 건강식품,식품,동서,32000
P295,LG 카메라,전자제품,LG,721000
P296,언더아머 덤벨,스포츠,언더아머,177000
P297,민음사 과학,도서,민음사,9000
P298,H&M 속옷,의류,H&M,238000
P299,설화수 크림,뷰티,설화수,24000
P300,LG 에어컨,전자제품,LG,414000
P301,애플 냉장고,전자제품,애플,516000
P302,아디다스 골프채,스포츠,아디다스,243000
P303,아디다스 덤벨,스포츠,아디다스,496000
P304,에뛰드 선크림,뷰티,에뛰드,103000
P305,에뛰드 세럼,뷰티,에뛰드,75000
P306,해즈브로 블록,완구,해즈브로,21000
P307,나이키 축구공,스포츠,나이키,393000
P308,나이키 운동복,의류,나이키,134000
P309,창비 자기계발,도서,창비,25000
P310,H&M 자켓,의류,H&M,265000
P311,오뚜기 커피,식품,오뚜기,13000
P312,필립스 스마트폰,전자제품,필립스,928000
P313,애플 카메라,전자제품,애플,787000
P314,영실업 퍼즐,완구,영실업,108000
P315,북이십일 만화,도서,북이십일,14000
P316,설화수 선크림,뷰티,설화수,39000
P317,CJ 커피,식품,CJ,23000
P318,자라 원피스,의류,자라,250000
P319,유니클로 코트,의류,유니클로,98000
P320,자라 모자,의류,자라,271000
P321,아디다스 수영복,스포츠,아디다스,34000
P322,LG생활건강 마스크팩,뷰티,LG생활건강,71000
P323,아모레 바디로션,뷰티,아모레,31000
P324,유니클로 청바지,의류,유니클로,285000
P325,마텔 악기완구,완구,마텔,69000
P326,아모레 크림,뷰티,아모레,100000
P327,푸마 테니스라켓,스포츠,푸마,98000
P328,언더아머 헬멧,스포츠,언더아머,218000
P329,오뚜기 차,식품,오뚜기,25000
P330,유니클로 스카프,의류,유니클로,60000
P331,농심 통조림,식품,농심,18000
P332,을유 과학,도서,을유,11000
P333,삼성 냉장고,전자제품,삼성,1066000
P334,소니 냉장고,전자제품,소니,1063000
P335,필립스 TV,전자제품,필립스,435000
P336,애플 스마트폰,전자제품,애플,121000
P337,퍼시스 침대,가구,퍼시스,1393000
P338,LG생활건강 립스틱,뷰티,LG생활건강,39000
P339,오뚜기 간식,식품,오뚜기,34000
P340,소니 냉장고,전자제품,소니,1498000
P341,오뚜기 조미료,식품,오뚜기,25000
P342,농심 과자,식품,농심,13000
P343,나이키 운동복,의류,나이키,100000
P344,롯데 커피,식품,롯데,34000
P345,CJ 냉동식품,식품,CJ,33000
P346,아디다스 운동화,스포츠,아디다스,21000
P347,아모레 크림,뷰티,아모레,165000
P348,삼성 이어폰,전자제품,삼성,967000
P349,CJ 조미료,식품,CJ,40000
P350,LG생활건강 클렌저,뷰티,LG생활건강,150000
P351,아디다스 축구공,스포츠,아디다스,394000
P352,현대리바트 소파,가구,현대리바트,1945000
P353,이니스프리 마스크팩,뷰티,이니스프리,130000
P354,나이키 운동복,의류,나이키,87000
P355,삼성 노트북,전자제품,삼성,765000
P356,LG생활건강 선크림,뷰티,LG생활건강,69000
P357,애플 세탁기,전자제품,애플,508000
P358,뉴발란스 요가매트,스포츠,뉴발란스,409000
P359,반다이 미니카,완구,반다이,163000
P360,언더아머 골프채,스포츠,언더아머,207000
P361,CJ 라면,식품,CJ,13000
P362,에뛰드 바디로션,뷰티,에뛰드,52000
P363,오뚜기 건강식품,식품,오뚜기,20000
P364,뉴발란스 테니스라켓,스포츠,뉴발란스,240000
P365,영실업 피규어,완구,영실업,41000
P366,오뚜기 라면,식품,오뚜기,7000
P367,반다이 보드게임,완구,반다이,159000
P368,퍼시스 선반,가구,퍼시스,922000
P369,자라 원피스,의류,자라,216000
P370,애플 태블릿,전자제품,애플,494000
P371,필립스 냉장고,전자제품,필립스,1280000
P372,삼성 세탁기,전자제품,삼성,1405000
P373,삼성 TV,전자제품,삼성,208000
P374,LG생활건강 샴푸,뷰티,LG생활건강,155000
P375,필립스 이어폰,전자제품,필립스,781000
P376,유니클로 자켓,의류,유니클로,166000
P377,민음사 소설,도서,민음사,26000
P378,삼성 이어폰,전자제품,삼성,1323000
P379,북이십일 자기계발,도서,북이십일,11000
P380,아디다스 청바지,의류,아디다스,276000
P381,LG 태블릿,전자제품,LG,1444000
P382,LG생활건강 립스틱,뷰티,LG생활건강,132000
P383,에뛰드 마스크팩,뷰티,에뛰드,25000
P384,퍼시스 소파,가구,퍼시스,916000
P385,LG생활건강 샴푸,뷰티,LG생활건강,107000
P386,민음사 자기계발,도서,민음사,30000
P387,H&M 코트,의류,H&M,55000
P388,유니클로 양말,의류,유니클로,245000
P389,문학동네 과학,도서,문학동네,9000
P390,문학동네 만화,도서,문학동네,32000
P391,마텔 인형,완구,마텔,172000
P392,동서 차,식품,동서,2000
P393,롯데 냉동식품,식품,롯데,37000
P394,북이십일 요리책,도서,북이십일,22000
P395,자라 스카프,의류,자라,209000
P396,반다이 교육완구,완구,반다이,85000
P397,한샘 소파,가구,한샘,182000
P398,롯데 냉동식품,식품,롯데,44000
P399,을유 소설,도서,을유,32000
P400,을유 만화,도서,을유,18000
P401,필립스 TV,전자제품,필립스,1277000
P402,퍼시스 소파,가구,퍼시스,1570000
P403,뉴발란스 테니스라켓,스포츠,뉴발란스,175000
P404,을유 과학,도서,을유,25000
P405,아디다스 모자,의류,아디다스,34000
P406,이케아 소파,가구,이케아,168000
P407,오뚜기 조미료,식품,오뚜기,38000
P408,필립스 TV,전자제품,필립스,1234000
P409,한샘 책상,가구,한샘,1279000
P410,소니 카메라,전자제품,소니,325000
P411,H&M 청바지,의류,H&M,230000
P412,해즈브로 인형,완구,해즈브로,59000
P413,영실업 야외완구,완구,영실업,48000
P414,언더아머 헬멧,스포츠,언더아머,426000
P415,에뛰드 립스틱,뷰티,에뛰드,91000
P416,동서 커피,식품,동서,17000
P417,아디다스 스카프,의류,아디다스,22000
P418,아디다스 코트,의류,아디다스,143000
P419,설화수 립스틱,뷰티,설화수,12000
P420,민음사 소설,도서,민음사,30000
P421,민음사 어린이도서,도서,민음사,25000
P422,민음사 소설,도서,민음사,33000
P423,삼성 에어컨,전자제품,삼성,394000
P424,롯데 과자,식품,롯데,2000
P425,애플 TV,전자제품,애플,1377000
P426,푸마 골프채,스포츠,푸마,109000
P427,롯데 라면,식품,롯데,7000
P428,한샘 소파,가구,한샘,1754000
P429,농심 간식,식품,농심,14000
P430,삼성 이어폰,전자제품,삼성,1454000
P431,소니 냉장고,전자제품,소니,68000
P432,민음사 자기계발,도서,민음사,20000
P433,나이키 등산화,스포츠,나이키,358000
P434,필립스 스마트폰,전자제품,필립스,1417000
P435,삼성 TV,전자제품,삼성,1138000
P436,에뛰드 클렌저,뷰티,에뛰드,150000
P437,필립스 태블릿,전자제품,필립스,877000
P438,북이십일 만화,도서,북이십일,8000
P439,아모레 크림,뷰티,아모레,42000
P440,소니 냉장고,전자제품,소니,1340000
P441,애플 에어컨,전자제품,애플,1023000
P442,반다이 인형,완구,반다이,183000
P443,농심 음료,식품,농심,22000
P444,CJ 냉동식품,식품,CJ,49000
P445,민음사 예술,도서,민음사,35000
P446,영실업 교육완구,완구,영실업,162000
P447,마텔 로봇,완구,마텔,57000
P448,북이십일 과학,도서,북이십일,22000
P449,오뚜기 통조림,식품,오뚜기,7000
P450,LG TV,전자제품,LG,456000
P451,창비 요리책,도서,창비,23000
P452,푸마 골프채,스포츠,푸마,311000
P453,오뚜기 음료,식품,오뚜기,16000
P454,현대리바트 책장,가구,현대리바트,190000
P455,애플 노트북,전자제품,애플,1407000
P456,동서 커피,식품,동서,49000
P457,필립스 이어폰,전자제품,필립스,543000
P458,오뚜기 음료,식품,오뚜기,9000
P459,LG 이어폰,전자제품,LG,719000
P460,LG 노트북,전자제품,LG,638000
P461,소니 카메라,전자제품,소니,1418000
P462,이니스프리 향수,뷰티,이니스프리,102000
P463,에뛰드 클렌저,뷰티,에뛰드,46000
P464,푸마 등산화,스포츠,푸마,466000
P465,레고 교육완구,완구,레고,198000
P466,CJ 냉동식품,식품,CJ,37000
P467,유니클로 자켓,의류,유니클로,277000
P468,한샘 선반,가구,한샘,1758000
P469,아디다스 속옷,의류,아디다스,132000
P470,영실업 미니카,완구,영실업,146000
P471,LG 청소기,전자제품,LG,59000
P472,반다이 야외완구,완구,반다이,134000
P473,LG 에어컨,전자제품,LG,201000
P474,한샘 커튼,가구,한샘,908000
P475,푸마 요가매트,스포츠,푸마,69000
P476,해즈브로 퍼즐,완구,해즈브로,69000
P477,LG 청소기,전자제품,LG,195000
P478,언더아머 요가매트,스포츠,언더아머,477000
P479,레고 피규어,완구,레고,78000
P480,나이키 자전거,스포츠,나이키,127000
P481,LG생활건강 크림,뷰티,LG생활건강,126000
P482,설화수 크림,뷰티,설화수,157000
P483,동서 음료,식품,동서,29000
P484,이니스프리 클렌저,뷰티,이니스프리,85000
P485,푸마 골프채,스포츠,푸마,273000
P486,한샘 침대,가구,한샘,1393000
P487,애플 세탁기,전자제품,애플,1447000
P488,H&M 속옷,의류,H&M,255000
P489,해즈브로 피규어,완구,해즈브로,33000
P490,현대리바트 책상,가구,현대리바트,1653000
P491,CJ 조미료,식품,CJ,43000
P492,설화수 선크림,뷰티,설화수,104000
P493,유니클로 원피스,의류,유니클로,87000
P494,나이키 운동복,의류,나이키,210000
P495,동서 과자,식품,동서,3000
P496,롯데 차,식품,롯데,45000
P497,언더아머 덤벨,스포츠,언더아머,283000
P498,LG 태블릿,전자제품,LG,1063000
P499,마텔 교육완구,완구,마텔,12000
P500,반다이 피규어,완구,반다이,181000
